[{"model": "school.myuser", "pk": 1, "fields": {"password": "pbkdf2_sha256$320000$3BRy8Bx9oYDieZsRXIffVS$QHG7iSghd+qCyz9gGkyE7oi0T3LFf/5M9SjfCAp8/Ds=", "last_login": "2022-11-06T15:56:34.601Z", "is_superuser": true, "username": "v", "first_name": "", "last_name": "", "email": "a@a.com", "is_staff": true, "is_active": true, "date_joined": "2022-08-14T16:46:25.130Z", "is_sst": false, "is_teacher": false, "is_conselor": false, "groups": [], "user_permissions": []}}, {"model": "school.myuser", "pk": 2, "fields": {"password": "pbkdf2_sha256$320000$M9hEAknGpevM0Ng1Fu5ovM$aNblzMr/TcPmxkw4ri/EcW53n35g4qrqrYbiXotWJDw=", "last_login": "2022-11-06T20:03:26.286Z", "is_superuser": false, "username": "Amy_Doe", "first_name": "Amy", "last_name": "Doe", "email": "", "is_staff": false, "is_active": true, "date_joined": "2022-08-14T16:47:15Z", "is_sst": false, "is_teacher": true, "is_conselor": false, "groups": [], "user_permissions": []}}, {"model": "school.myuser", "pk": 3, "fields": {"password": "pbkdf2_sha256$320000$mIjniC84B4JLq6C0cUlNwM$SHCi2JoLwKB/E+yJF4hZ3p1f8IDWP2MahcjZ5oj0Kvk=", "last_login": "2022-11-06T13:54:07.045Z", "is_superuser": false, "username": "sst", "first_name": "firstname", "last_name": "lastname", "email": "", "is_staff": false, "is_active": true, "date_joined": "2022-08-14T16:47:43Z", "is_sst": true, "is_teacher": false, "is_conselor": false, "groups": [], "user_permissions": []}}, {"model": "school.myuser", "pk": 7, "fields": {"password": "pbkdf2_sha256$320000$lZX3NnDnoMGIXkQloEvtra$xTVk7g/WMjQqKXw57ib7pHvNmLrerW+jbZS0PbVNBaI=", "last_login": "2022-08-22T18:31:16.542Z", "is_superuser": false, "username": "staff", "first_name": "", "last_name": "", "email": "", "is_staff": true, "is_active": true, "date_joined": "2022-08-14T16:50:53Z", "is_sst": false, "is_teacher": false, "is_conselor": false, "groups": [], "user_permissions": []}}, {"model": "school.myuser", "pk": 18, "fields": {"password": "pbkdf2_sha256$320000$1hueav2v8cEF8Xic0YWcfI$IFmeV4t7ogYn6aSkqZShi3kt8zJB3PGLsQAyZEJlygI=", "last_login": null, "is_superuser": false, "username": "Foo_Bar", "first_name": "Foo", "last_name": "Bar", "email": "aa@a.com", "is_staff": false, "is_active": true, "date_joined": "2022-08-16T11:03:26.645Z", "is_sst": false, "is_teacher": true, "is_conselor": false, "groups": [], "user_permissions": []}}, {"model": "school.myuser", "pk": 19, "fields": {"password": "pbkdf2_sha256$320000$hzSZfSLBrNLq18plxZuQJA$n2EOJ7h2tB3WCE+yKFmJ2o9fu1wSkIcI1lTTPwYiEVg=", "last_login": null, "is_superuser": false, "username": "Bar_Baz", "first_name": "Bar", "last_name": "Baz", "email": "sss@a.com", "is_staff": false, "is_active": true, "date_joined": "2022-08-16T11:03:27.429Z", "is_sst": true, "is_teacher": false, "is_conselor": false, "groups": [], "user_permissions": []}}, {"model": "school.myuser", "pk": 20, "fields": {"password": "pbkdf2_sha256$320000$r7h8034xc5AyiEZWK32xEz$hWiJw+6rrJIzXkOQas87eZ2sUcfxJhyZMarWxrFoQH0=", "last_login": null, "is_superuser": false, "username": "Tony_Stark", "first_name": "Tony", "last_name": "Stark", "email": "cons@a.com", "is_staff": false, "is_active": true, "date_joined": "2022-08-16T11:03:27.817Z", "is_sst": false, "is_teacher": false, "is_conselor": true, "groups": [], "user_permissions": []}}, {"model": "school.myuser", "pk": 21, "fields": {"password": "pbkdf2_sha256$320000$uRS6Ota2gd28jIXEy2w9zX$bYxSJuL5MZuWEBqo2Bymc2+PBMosUvXi5pVlALvndqQ=", "last_login": null, "is_superuser": false, "username": "Jane_Doe", "first_name": "Jane", "last_name": "Doe", "email": "aaa@a.com", "is_staff": false, "is_active": true, "date_joined": "2022-08-16T11:03:28.271Z", "is_sst": false, "is_teacher": true, "is_conselor": false, "groups": [], "user_permissions": []}}, {"model": "school.myuser", "pk": 22, "fields": {"password": "pbkdf2_sha256$320000$IZlRYCSiksjOlzeZa5yLIv$xFQi2hLqGvImnW9v9qmEaKYjhruc+4YEq2mRvjBPLJk=", "last_login": "2022-08-26T11:02:30.808Z", "is_superuser": false, "username": "Jame_Amy", "first_name": "Jame", "last_name": "Amy", "email": "bb@b.com", "is_staff": false, "is_active": true, "date_joined": "2022-08-16T11:03:28.671Z", "is_sst": false, "is_teacher": true, "is_conselor": false, "groups": [], "user_permissions": []}}, {"model": "school.myuser", "pk": 23, "fields": {"password": "pbkdf2_sha256$320000$n5p1HzfvaZo4vGvckdAHaH$t23CHRNFX1FH7fgOUAB2MkbAxIEN/9s0kAj2iyJYneA=", "last_login": null, "is_superuser": false, "username": "John_Doe", "first_name": "John", "last_name": "Doe", "email": "john_doe@school.com", "is_staff": false, "is_active": true, "date_joined": "2022-08-16T14:25:51.336Z", "is_sst": false, "is_teacher": true, "is_conselor": false, "groups": [], "user_permissions": []}}, {"model": "school.myuser", "pk": 24, "fields": {"password": "pbkdf2_sha256$320000$srgqOhXNBogrQgNzK8Qgpz$raTB/wCHQjkZTX1fYBn4v5ajaMq3CcpMu+uYXoh0D8k=", "last_login": null, "is_superuser": false, "username": "James_Bond", "first_name": "James", "last_name": "Bond", "email": "james_bond@school.com", "is_staff": false, "is_active": true, "date_joined": "2022-08-16T14:25:51.729Z", "is_sst": true, "is_teacher": false, "is_conselor": false, "groups": [], "user_permissions": []}}, {"model": "school.usersdata", "pk": 14, "fields": {"user": 18, "person_id": "1234", "grades": "1,2,3"}}, {"model": "school.usersdata", "pk": 15, "fields": {"user": 19, "person_id": "4321", "grades": "5,6,7"}}, {"model": "school.usersdata", "pk": 16, "fields": {"user": 20, "person_id": "5321", "grades": "1,2,3,5"}}, {"model": "school.usersdata", "pk": 17, "fields": {"user": 21, "person_id": "12", "grades": "1.2"}}, {"model": "school.usersdata", "pk": 18, "fields": {"user": 22, "person_id": "13", "grades": "1.3"}}, {"model": "school.usersdata", "pk": 19, "fields": {"user": 23, "person_id": "1235", "grades": "2,3,5"}}, {"model": "school.usersdata", "pk": 20, "fields": {"user": 24, "person_id": "235", "grades": "None"}}, {"model": "school.student", "pk": 3, "fields": {"school_id": "4926", "first_name": "Cox", "middle_name": "None", "last_name": "Oscar", "preferred_name": "None", "date_of_birth": "2003-01-05", "birth_order_in_class": 7, "birth_order_in_family": 3, "gender": "F", "cur_grade": 12, "grad_year": "2020", "email": "None", "home_lang": "English ", "date_join": "2013-09-03", "entrygrades": 5, "teacher": 2, "siblings_names": null}}, {"model": "school.student", "pk": 4, "fields": {"school_id": "4522", "first_name": "Glover", "middle_name": "None", "last_name": "Myron", "preferred_name": "None", "date_of_birth": "2003-02-18", "birth_order_in_class": 7, "birth_order_in_family": 1, "gender": "M", "cur_grade": 11, "grad_year": "2021", "email": "None", "home_lang": "English ", "date_join": "2013-09-04", "entrygrades": 5, "teacher": 2, "siblings_names": null}}, {"model": "school.student", "pk": 5, "fields": {"school_id": "42942", "first_name": "Drake", "middle_name": "None", "last_name": "Clayton", "preferred_name": "None", "date_of_birth": "2004-05-16", "birth_order_in_class": 7, "birth_order_in_family": 3, "gender": "F", "cur_grade": 10, "grad_year": "2022", "email": "None", "home_lang": "English ", "date_join": "2013-09-05", "entrygrades": 5, "teacher": null, "siblings_names": null}}, {"model": "school.student", "pk": 6, "fields": {"school_id": "44089", "first_name": "Malone", "middle_name": "None", "last_name": "Sabrina", "preferred_name": "None", "date_of_birth": "2004-12-10", "birth_order_in_class": 7, "birth_order_in_family": 2, "gender": "M", "cur_grade": 10, "grad_year": "2022", "email": "None", "home_lang": "English ", "date_join": "2013-09-06", "entrygrades": 5, "teacher": null, "siblings_names": null}}, {"model": "school.student", "pk": 7, "fields": {"school_id": "33116", "first_name": "Flowers", "middle_name": "None", "last_name": "Theodore", "preferred_name": "None", "date_of_birth": "2004-08-30", "birth_order_in_class": 7, "birth_order_in_family": 3, "gender": "F", "cur_grade": 10, "grad_year": "2022", "email": "None", "home_lang": "English ", "date_join": "2013-09-07", "entrygrades": 5, "teacher": null, "siblings_names": null}}, {"model": "school.student", "pk": 8, "fields": {"school_id": "57290", "first_name": "Allen", "middle_name": "None", "last_name": "Dianne", "preferred_name": "None", "date_of_birth": "2003-11-02", "birth_order_in_class": 7, "birth_order_in_family": 2, "gender": "M", "cur_grade": 10, "grad_year": "2022", "email": "None", "home_lang": "English ", "date_join": "2013-09-08", "entrygrades": 5, "teacher": null, "siblings_names": null}}, {"model": "school.student", "pk": 9, "fields": {"school_id": "29853", "first_name": "Watson", "middle_name": "None", "last_name": "Diana", "preferred_name": "None", "date_of_birth": "2003-04-12", "birth_order_in_class": 7, "birth_order_in_family": 1, "gender": "F", "cur_grade": 10, "grad_year": "2022", "email": "None", "home_lang": "English ", "date_join": "2013-09-09", "entrygrades": 5, "teacher": null, "siblings_names": null}}, {"model": "school.student", "pk": 10, "fields": {"school_id": "5265", "first_name": "Hunt", "middle_name": "None", "last_name": "Ben", "preferred_name": "None", "date_of_birth": "2004-08-20", "birth_order_in_class": 7, "birth_order_in_family": 1, "gender": "M", "cur_grade": 10, "grad_year": "2022", "email": "None", "home_lang": "English ", "date_join": "2013-09-10", "entrygrades": 5, "teacher": null, "siblings_names": null}}, {"model": "school.student", "pk": 11, "fields": {"school_id": "50391", "first_name": "Kelly", "middle_name": "None", "last_name": "Harold", "preferred_name": "None", "date_of_birth": "2004-05-30", "birth_order_in_class": 7, "birth_order_in_family": 2, "gender": "F", "cur_grade": 10, "grad_year": "2022", "email": "None", "home_lang": "English ", "date_join": "2013-09-11", "entrygrades": 5, "teacher": null, "siblings_names": null}}, {"model": "school.student", "pk": 12, "fields": {"school_id": "20634", "first_name": "Norman", "middle_name": "None", "last_name": "Lula", "preferred_name": "None", "date_of_birth": "2004-02-19", "birth_order_in_class": 7, "birth_order_in_family": 3, "gender": "F", "cur_grade": 10, "grad_year": "2022", "email": "None", "home_lang": "English ", "date_join": "2013-09-12", "entrygrades": 5, "teacher": null, "siblings_names": null}}, {"model": "school.student", "pk": 13, "fields": {"school_id": "19940", "first_name": "Figueroa", "middle_name": "None", "last_name": "Vickie", "preferred_name": "None", "date_of_birth": "2004-06-18", "birth_order_in_class": 7, "birth_order_in_family": 4, "gender": "M", "cur_grade": 10, "grad_year": "2022", "email": "None", "home_lang": "English ", "date_join": "2013-09-13", "entrygrades": 5, "teacher": null, "siblings_names": null}}, {"model": "school.student", "pk": 14, "fields": {"school_id": "17325", "first_name": "Carlson", "middle_name": "None", "last_name": "Israel", "preferred_name": "None", "date_of_birth": "2004-05-02", "birth_order_in_class": 7, "birth_order_in_family": 3, "gender": "F", "cur_grade": 10, "grad_year": "2022", "email": "None", "home_lang": "English ", "date_join": "2013-09-14", "entrygrades": 5, "teacher": null, "siblings_names": null}}, {"model": "school.student", "pk": 15, "fields": {"school_id": "59160", "first_name": "Mann", "middle_name": "None", "last_name": "Sophia", "preferred_name": "None", "date_of_birth": "2004-06-25", "birth_order_in_class": 7, "birth_order_in_family": 2, "gender": "M", "cur_grade": 10, "grad_year": "2022", "email": "None", "home_lang": "English ", "date_join": "2013-09-15", "entrygrades": 5, "teacher": null, "siblings_names": null}}, {"model": "school.student", "pk": 16, "fields": {"school_id": "17312", "first_name": "Pope", "middle_name": "None", "last_name": "Dustin", "preferred_name": "None", "date_of_birth": "2004-08-31", "birth_order_in_class": 7, "birth_order_in_family": 1, "gender": "M", "cur_grade": 10, "grad_year": "2022", "email": "None", "home_lang": "English ", "date_join": "2013-09-16", "entrygrades": 5, "teacher": null, "siblings_names": null}}, {"model": "school.student", "pk": 17, "fields": {"school_id": "28973", "first_name": "Stone", "middle_name": "None", "last_name": "Olivia", "preferred_name": "None", "date_of_birth": "2004-05-19", "birth_order_in_class": 7, "birth_order_in_family": 1, "gender": "F", "cur_grade": 10, "grad_year": "2022", "email": "None", "home_lang": "English ", "date_join": "2013-09-17", "entrygrades": 5, "teacher": null, "siblings_names": null}}, {"model": "school.student", "pk": 18, "fields": {"school_id": "57759", "first_name": "Simpson", "middle_name": "None", "last_name": "Gayle", "preferred_name": "None", "date_of_birth": "2004-09-01", "birth_order_in_class": 7, "birth_order_in_family": 3, "gender": "M", "cur_grade": 10, "grad_year": "2022", "email": "None", "home_lang": "English ", "date_join": "2013-09-18", "entrygrades": 5, "teacher": null, "siblings_names": null}}, {"model": "school.student", "pk": 19, "fields": {"school_id": "5221", "first_name": "Caldwell", "middle_name": "None", "last_name": "Eileen", "preferred_name": "None", "date_of_birth": "2005-04-29", "birth_order_in_class": 7, "birth_order_in_family": 2, "gender": "M", "cur_grade": 9, "grad_year": "2023", "email": "None", "home_lang": "English ", "date_join": "2013-09-19", "entrygrades": 5, "teacher": 22, "siblings_names": null}}, {"model": "school.student", "pk": 20, "fields": {"school_id": "51296", "first_name": "Mcguire", "middle_name": "None", "last_name": "Leon", "preferred_name": "None", "date_of_birth": "2005-02-21", "birth_order_in_class": 7, "birth_order_in_family": 3, "gender": "M", "cur_grade": 9, "grad_year": "2023", "email": "None", "home_lang": "English ", "date_join": "2013-09-20", "entrygrades": 5, "teacher": 22, "siblings_names": null}}, {"model": "school.student", "pk": 21, "fields": {"school_id": "55539", "first_name": "Mckinney", "middle_name": "None", "last_name": "Jodi", "preferred_name": "None", "date_of_birth": "2005-06-15", "birth_order_in_class": 7, "birth_order_in_family": 2, "gender": "M", "cur_grade": 9, "grad_year": "2023", "email": "None", "home_lang": "English ", "date_join": "2013-09-21", "entrygrades": 5, "teacher": 22, "siblings_names": null}}, {"model": "school.student", "pk": 22, "fields": {"school_id": "25575", "first_name": "Diaz", "middle_name": "None", "last_name": "Clark", "preferred_name": "None", "date_of_birth": "2004-06-11", "birth_order_in_class": 7, "birth_order_in_family": 1, "gender": "M", "cur_grade": 9, "grad_year": "2023", "email": "None", "home_lang": "English ", "date_join": "2013-09-22", "entrygrades": 5, "teacher": 22, "siblings_names": null}}, {"model": "school.student", "pk": 23, "fields": {"school_id": "28964", "first_name": "Hernandez", "middle_name": "None", "last_name": "Martha", "preferred_name": "None", "date_of_birth": "2004-02-11", "birth_order_in_class": 7, "birth_order_in_family": 1, "gender": "M", "cur_grade": 9, "grad_year": "2023", "email": "None", "home_lang": "English ", "date_join": "2013-09-23", "entrygrades": 5, "teacher": 22, "siblings_names": null}}, {"model": "school.student", "pk": 24, "fields": {"school_id": "5248", "first_name": "Wade", "middle_name": "None", "last_name": "Karla", "preferred_name": "None", "date_of_birth": "2005-05-14", "birth_order_in_class": 7, "birth_order_in_family": 2, "gender": "F", "cur_grade": 9, "grad_year": "2023", "email": "None", "home_lang": "English ", "date_join": "2013-09-24", "entrygrades": 5, "teacher": 22, "siblings_names": null}}, {"model": "school.student", "pk": 25, "fields": {"school_id": "48510", "first_name": "George", "middle_name": "None", "last_name": "Ira", "preferred_name": "None", "date_of_birth": "2005-05-08", "birth_order_in_class": 7, "birth_order_in_family": 3, "gender": "F", "cur_grade": 9, "grad_year": "2023", "email": "None", "home_lang": "English ", "date_join": "2013-09-25", "entrygrades": 5, "teacher": 22, "siblings_names": null}}, {"model": "school.student", "pk": 26, "fields": {"school_id": "52172", "first_name": "Pierce", "middle_name": "None", "last_name": "Joshua", "preferred_name": "None", "date_of_birth": "2005-12-02", "birth_order_in_class": 7, "birth_order_in_family": 4, "gender": "M", "cur_grade": 9, "grad_year": "2023", "email": "None", "home_lang": "English ", "date_join": "2013-09-26", "entrygrades": 5, "teacher": 22, "siblings_names": null}}, {"model": "school.student", "pk": 27, "fields": {"school_id": "45429", "first_name": "Watkins", "middle_name": "None", "last_name": "Rudy", "preferred_name": "None", "date_of_birth": "2004-11-29", "birth_order_in_class": 7, "birth_order_in_family": 3, "gender": "F", "cur_grade": 9, "grad_year": "2023", "email": "None", "home_lang": "English ", "date_join": "2013-09-27", "entrygrades": 5, "teacher": 22, "siblings_names": null}}, {"model": "school.student", "pk": 28, "fields": {"school_id": "51081", "first_name": "Guerrero", "middle_name": "None", "last_name": "Winifred", "preferred_name": "None", "date_of_birth": "2004-08-12", "birth_order_in_class": 7, "birth_order_in_family": 2, "gender": "F", "cur_grade": 9, "grad_year": "2023", "email": "None", "home_lang": "English ", "date_join": "2013-09-28", "entrygrades": 5, "teacher": 22, "siblings_names": null}}, {"model": "school.student", "pk": 29, "fields": {"school_id": "29586", "first_name": "Peters", "middle_name": "None", "last_name": "Charlotte", "preferred_name": "None", "date_of_birth": "2005-09-25", "birth_order_in_class": 7, "birth_order_in_family": 1, "gender": "F", "cur_grade": 9, "grad_year": "2023", "email": "None", "home_lang": "English ", "date_join": "2013-09-29", "entrygrades": 5, "teacher": 22, "siblings_names": null}}, {"model": "school.student", "pk": 30, "fields": {"school_id": "19488", "first_name": "Jennings", "middle_name": "None", "last_name": "Noah", "preferred_name": "None", "date_of_birth": "2005-08-11", "birth_order_in_class": 7, "birth_order_in_family": 1, "gender": "M", "cur_grade": 9, "grad_year": "2023", "email": "None", "home_lang": "English ", "date_join": "2013-09-30", "entrygrades": 5, "teacher": 22, "siblings_names": null}}, {"model": "school.student", "pk": 31, "fields": {"school_id": "5339", "first_name": "Estrada", "middle_name": "None", "last_name": "Ethel", "preferred_name": "None", "date_of_birth": "2005-06-08", "birth_order_in_class": 7, "birth_order_in_family": 3, "gender": "M", "cur_grade": 9, "grad_year": "2023", "email": "None", "home_lang": "English ", "date_join": "2013-10-01", "entrygrades": 5, "teacher": 22, "siblings_names": null}}, {"model": "school.student", "pk": 32, "fields": {"school_id": "17472", "first_name": "Mccormick", "middle_name": "None", "last_name": "Orlando", "preferred_name": "None", "date_of_birth": "2005-09-05", "birth_order_in_class": 7, "birth_order_in_family": 2, "gender": "F", "cur_grade": 9, "grad_year": "2023", "email": "None", "home_lang": "English ", "date_join": "2013-10-02", "entrygrades": 5, "teacher": 22, "siblings_names": null}}, {"model": "school.student", "pk": 33, "fields": {"school_id": "5242", "first_name": "Casey", "middle_name": "None", "last_name": "Edith", "preferred_name": "None", "date_of_birth": "2005-08-20", "birth_order_in_class": 7, "birth_order_in_family": 3, "gender": "M", "cur_grade": 9, "grad_year": "2023", "email": "None", "home_lang": "English ", "date_join": "2013-10-03", "entrygrades": 5, "teacher": 22, "siblings_names": null}}, {"model": "school.student", "pk": 34, "fields": {"school_id": "19076", "first_name": "Vega", "middle_name": "None", "last_name": "Edward", "preferred_name": "None", "date_of_birth": "2005-01-25", "birth_order_in_class": 7, "birth_order_in_family": 2, "gender": "M", "cur_grade": 9, "grad_year": "2023", "email": "None", "home_lang": "English ", "date_join": "2013-10-04", "entrygrades": 5, "teacher": 22, "siblings_names": null}}, {"model": "school.student", "pk": 35, "fields": {"school_id": "17464", "first_name": "Maldonado", "middle_name": "None", "last_name": "Noah", "preferred_name": "None", "date_of_birth": "2005-10-03", "birth_order_in_class": 7, "birth_order_in_family": 1, "gender": "M", "cur_grade": 9, "grad_year": "2023", "email": "None", "home_lang": "English ", "date_join": "2013-10-05", "entrygrades": 5, "teacher": 22, "siblings_names": null}}, {"model": "school.student", "pk": 36, "fields": {"school_id": "37171", "first_name": "Jimenez", "middle_name": "None", "last_name": "Lois", "preferred_name": "None", "date_of_birth": "2005-12-28", "birth_order_in_class": 7, "birth_order_in_family": 1, "gender": "M", "cur_grade": 8, "grad_year": "2024", "email": "None", "home_lang": "English ", "date_join": "2013-10-06", "entrygrades": 5, "teacher": null, "siblings_names": null}}, {"model": "school.student", "pk": 37, "fields": {"school_id": "52737", "first_name": "Gonzales", "middle_name": "None", "last_name": "Sandy", "preferred_name": "None", "date_of_birth": "2005-11-29", "birth_order_in_class": 7, "birth_order_in_family": 2, "gender": "M", "cur_grade": 8, "grad_year": "2024", "email": "None", "home_lang": "English ", "date_join": "2013-10-07", "entrygrades": 5, "teacher": null, "siblings_names": null}}, {"model": "school.student", "pk": 38, "fields": {"school_id": "59758", "first_name": "Mathis", "middle_name": "None", "last_name": "Shawna", "preferred_name": "None", "date_of_birth": "2005-04-10", "birth_order_in_class": 7, "birth_order_in_family": 3, "gender": "M", "cur_grade": 8, "grad_year": "2024", "email": "None", "home_lang": "English ", "date_join": "2013-10-08", "entrygrades": 5, "teacher": null, "siblings_names": null}}, {"model": "school.student", "pk": 39, "fields": {"school_id": "38980", "first_name": "Wade", "middle_name": "None", "last_name": "Thomas", "preferred_name": "None", "date_of_birth": "2006-02-01", "birth_order_in_class": 7, "birth_order_in_family": 4, "gender": "M", "cur_grade": 8, "grad_year": "2024", "email": "None", "home_lang": "English ", "date_join": "2013-10-09", "entrygrades": 5, "teacher": null, "siblings_names": null}}, {"model": "school.student", "pk": 40, "fields": {"school_id": "46123", "first_name": "Harmon", "middle_name": "None", "last_name": "Pam", "preferred_name": "None", "date_of_birth": "2006-02-24", "birth_order_in_class": 7, "birth_order_in_family": 3, "gender": "F", "cur_grade": 8, "grad_year": "2024", "email": "None", "home_lang": "English ", "date_join": "2013-10-10", "entrygrades": 5, "teacher": null, "siblings_names": null}}, {"model": "school.student", "pk": 41, "fields": {"school_id": "33892", "first_name": "Fletcher", "middle_name": "None", "last_name": "Lionel", "preferred_name": "None", "date_of_birth": "2006-04-15", "birth_order_in_class": 7, "birth_order_in_family": 2, "gender": "F", "cur_grade": 8, "grad_year": "2024", "email": "None", "home_lang": "English ", "date_join": "2013-10-11", "entrygrades": 5, "teacher": null, "siblings_names": null}}, {"model": "school.student", "pk": 42, "fields": {"school_id": "56529", "first_name": "Morales", "middle_name": "None", "last_name": "Henry", "preferred_name": "None", "date_of_birth": "2007-06-28", "birth_order_in_class": 7, "birth_order_in_family": 1, "gender": "M", "cur_grade": 7, "grad_year": "2025", "email": "None", "home_lang": "English ", "date_join": "2013-10-12", "entrygrades": 5, "teacher": null, "siblings_names": null}}, {"model": "school.student", "pk": 43, "fields": {"school_id": "19123", "first_name": "Beck", "middle_name": "None", "last_name": "Sabrina", "preferred_name": "None", "date_of_birth": "2007-08-15", "birth_order_in_class": 7, "birth_order_in_family": 1, "gender": "F", "cur_grade": 7, "grad_year": "2025", "email": "None", "home_lang": "English ", "date_join": "2013-10-13", "entrygrades": 5, "teacher": null, "siblings_names": null}}, {"model": "school.student", "pk": 44, "fields": {"school_id": "23846", "first_name": "Floyd", "middle_name": "None", "last_name": "Boyd", "preferred_name": "None", "date_of_birth": "2007-06-02", "birth_order_in_class": 7, "birth_order_in_family": 3, "gender": "F", "cur_grade": 7, "grad_year": "2025", "email": "None", "home_lang": "English ", "date_join": "2013-10-14", "entrygrades": 5, "teacher": null, "siblings_names": null}}, {"model": "school.student", "pk": 45, "fields": {"school_id": "31773", "first_name": "Hubbard", "middle_name": "None", "last_name": "Alice", "preferred_name": "None", "date_of_birth": "2006-09-11", "birth_order_in_class": 7, "birth_order_in_family": 2, "gender": "F", "cur_grade": 7, "grad_year": "2025", "email": "None", "home_lang": "English ", "date_join": "2013-10-15", "entrygrades": 5, "teacher": null, "siblings_names": null}}, {"model": "school.student", "pk": 46, "fields": {"school_id": "44719", "first_name": "Wagner", "middle_name": "None", "last_name": "Ellis", "preferred_name": "None", "date_of_birth": "2007-06-28", "birth_order_in_class": 7, "birth_order_in_family": 3, "gender": "M", "cur_grade": 7, "grad_year": "2025", "email": "None", "home_lang": "English ", "date_join": "2013-10-16", "entrygrades": 5, "teacher": null, "siblings_names": null}}, {"model": "school.student", "pk": 47, "fields": {"school_id": "30662", "first_name": "Gutierrez", "middle_name": "None", "last_name": "Candice", "preferred_name": "None", "date_of_birth": "2006-12-27", "birth_order_in_class": 7, "birth_order_in_family": 2, "gender": "F", "cur_grade": 7, "grad_year": "2025", "email": "None", "home_lang": "English ", "date_join": "2013-10-17", "entrygrades": 5, "teacher": null, "siblings_names": null}}, {"model": "school.student", "pk": 48, "fields": {"school_id": "33707", "first_name": "Romero", "middle_name": "None", "last_name": "Kristine", "preferred_name": "None", "date_of_birth": "2006-10-20", "birth_order_in_class": 7, "birth_order_in_family": 1, "gender": "F", "cur_grade": 7, "grad_year": "2025", "email": "None", "home_lang": "English ", "date_join": "2013-10-18", "entrygrades": 5, "teacher": null, "siblings_names": null}}, {"model": "school.student", "pk": 49, "fields": {"school_id": "44071", "first_name": "Park", "middle_name": "None", "last_name": "Juan", "preferred_name": "None", "date_of_birth": "2007-04-07", "birth_order_in_class": 7, "birth_order_in_family": 1, "gender": "M", "cur_grade": 7, "grad_year": "2025", "email": "None", "home_lang": "English ", "date_join": "2013-10-19", "entrygrades": 5, "teacher": null, "siblings_names": null}}, {"model": "school.student", "pk": 50, "fields": {"school_id": "29134", "first_name": "Erickson", "middle_name": "None", "last_name": "Jenna", "preferred_name": "None", "date_of_birth": "2006-09-18", "birth_order_in_class": 7, "birth_order_in_family": 2, "gender": "F", "cur_grade": 7, "grad_year": "2025", "email": "None", "home_lang": "English ", "date_join": "2013-10-20", "entrygrades": 5, "teacher": null, "siblings_names": null}}, {"model": "school.student", "pk": 51, "fields": {"school_id": "47531", "first_name": "Hill", "middle_name": "None", "last_name": "Thomas", "preferred_name": "None", "date_of_birth": "2008-07-18", "birth_order_in_class": 7, "birth_order_in_family": 3, "gender": "M", "cur_grade": 6, "grad_year": "2026", "email": "None", "home_lang": "English ", "date_join": "2013-10-21", "entrygrades": 5, "teacher": null, "siblings_names": null}}, {"model": "school.student", "pk": 52, "fields": {"school_id": "57934", "first_name": "Thornton", "middle_name": "None", "last_name": "Cathy", "preferred_name": "None", "date_of_birth": "2008-07-15", "birth_order_in_class": 7, "birth_order_in_family": 4, "gender": "F", "cur_grade": 6, "grad_year": "2026", "email": "None", "home_lang": "English ", "date_join": "2013-10-22", "entrygrades": 5, "teacher": null, "siblings_names": null}}, {"model": "school.student", "pk": 53, "fields": {"school_id": "52559", "first_name": "Stewart", "middle_name": "None", "last_name": "Carole", "preferred_name": "None", "date_of_birth": "2007-12-14", "birth_order_in_class": 7, "birth_order_in_family": 3, "gender": "F", "cur_grade": 6, "grad_year": "2026", "email": "None", "home_lang": "English ", "date_join": "2013-10-23", "entrygrades": 5, "teacher": null, "siblings_names": null}}, {"model": "school.student", "pk": 54, "fields": {"school_id": "51743", "first_name": "Larson", "middle_name": "None", "last_name": "Jacquelyn", "preferred_name": "None", "date_of_birth": "2008-02-18", "birth_order_in_class": 7, "birth_order_in_family": 2, "gender": "F", "cur_grade": 6, "grad_year": "2026", "email": "None", "home_lang": "English ", "date_join": "2013-10-24", "entrygrades": 5, "teacher": null, "siblings_names": null}}, {"model": "school.student", "pk": 55, "fields": {"school_id": "22051", "first_name": "Dean", "middle_name": "None", "last_name": "Chris", "preferred_name": "None", "date_of_birth": "2007-11-09", "birth_order_in_class": 7, "birth_order_in_family": 1, "gender": "M", "cur_grade": 6, "grad_year": "2026", "email": "None", "home_lang": "English ", "date_join": "2013-10-25", "entrygrades": 5, "teacher": null, "siblings_names": null}}, {"model": "school.student", "pk": 56, "fields": {"school_id": "21425", "first_name": "Pena", "middle_name": "None", "last_name": "Genevieve", "preferred_name": "None", "date_of_birth": "2008-04-09", "birth_order_in_class": 7, "birth_order_in_family": 1, "gender": "M", "cur_grade": 6, "grad_year": "2026", "email": "None", "home_lang": "English ", "date_join": "2013-10-26", "entrygrades": 5, "teacher": null, "siblings_names": null}}, {"model": "school.student", "pk": 57, "fields": {"school_id": "52897", "first_name": "Ortega", "middle_name": "None", "last_name": "Kristy", "preferred_name": "None", "date_of_birth": "2009-09-10", "birth_order_in_class": 7, "birth_order_in_family": 3, "gender": "M", "cur_grade": 5, "grad_year": "2027", "email": "None", "home_lang": "English ", "date_join": "2013-10-27", "entrygrades": 5, "teacher": null, "siblings_names": null}}, {"model": "school.student", "pk": 58, "fields": {"school_id": "33337", "first_name": "Moran", "middle_name": "None", "last_name": "Jan", "preferred_name": "None", "date_of_birth": "2009-04-06", "birth_order_in_class": 7, "birth_order_in_family": 2, "gender": "M", "cur_grade": 5, "grad_year": "2027", "email": "None", "home_lang": "English ", "date_join": "2013-10-28", "entrygrades": 5, "teacher": null, "siblings_names": null}}, {"model": "school.student", "pk": 59, "fields": {"school_id": "45423", "first_name": "Simpson", "middle_name": "None", "last_name": "Lula", "preferred_name": "None", "date_of_birth": "2009-08-25", "birth_order_in_class": 7, "birth_order_in_family": 3, "gender": "M", "cur_grade": 5, "grad_year": "2027", "email": "None", "home_lang": "English ", "date_join": "2013-10-29", "entrygrades": 5, "teacher": null, "siblings_names": null}}, {"model": "school.student", "pk": 60, "fields": {"school_id": "31886", "first_name": "Johnson", "middle_name": "None", "last_name": "Rosalie", "preferred_name": "None", "date_of_birth": "2008-11-25", "birth_order_in_class": 7, "birth_order_in_family": 2, "gender": "M", "cur_grade": 5, "grad_year": "2027", "email": "None", "home_lang": "English ", "date_join": "2013-10-30", "entrygrades": 5, "teacher": null, "siblings_names": null}}, {"model": "school.student", "pk": 61, "fields": {"school_id": "55035", "first_name": "Owens", "middle_name": "None", "last_name": "Mike", "preferred_name": "None", "date_of_birth": "2009-11-20", "birth_order_in_class": 7, "birth_order_in_family": 1, "gender": "F", "cur_grade": 5, "grad_year": "2027", "email": "None", "home_lang": "English ", "date_join": "2013-10-31", "entrygrades": 5, "teacher": null, "siblings_names": null}}, {"model": "school.student", "pk": 62, "fields": {"school_id": "46390", "first_name": "Powell", "middle_name": "None", "last_name": "Adrian", "preferred_name": "None", "date_of_birth": "2009-02-21", "birth_order_in_class": 7, "birth_order_in_family": 1, "gender": "F", "cur_grade": 5, "grad_year": "2027", "email": "None", "home_lang": "English ", "date_join": "2013-11-01", "entrygrades": 5, "teacher": null, "siblings_names": null}}, {"model": "school.student", "pk": 63, "fields": {"school_id": "36136", "first_name": "Brown", "middle_name": "None", "last_name": "Rita", "preferred_name": "None", "date_of_birth": "2009-01-18", "birth_order_in_class": 7, "birth_order_in_family": 2, "gender": "M", "cur_grade": 5, "grad_year": "2027", "email": "None", "home_lang": "English ", "date_join": "2013-11-02", "entrygrades": 5, "teacher": null, "siblings_names": null}}, {"model": "school.student", "pk": 64, "fields": {"school_id": "58871", "first_name": "Gomez", "middle_name": "None", "last_name": "Barry", "preferred_name": "None", "date_of_birth": "2009-10-06", "birth_order_in_class": 7, "birth_order_in_family": 3, "gender": "M", "cur_grade": 5, "grad_year": "2027", "email": "None", "home_lang": "English ", "date_join": "2013-11-03", "entrygrades": 5, "teacher": null, "siblings_names": null}}, {"model": "school.student", "pk": 65, "fields": {"school_id": "24528", "first_name": "Perry", "middle_name": "None", "last_name": "Jerome", "preferred_name": "None", "date_of_birth": "2009-04-15", "birth_order_in_class": 7, "birth_order_in_family": 4, "gender": "M", "cur_grade": 5, "grad_year": "2027", "email": "None", "home_lang": "English ", "date_join": "2013-11-04", "entrygrades": 5, "teacher": null, "siblings_names": null}}, {"model": "school.student", "pk": 66, "fields": {"school_id": "30263", "first_name": "Stanley", "middle_name": "None", "last_name": "Helen", "preferred_name": "None", "date_of_birth": "2008-11-03", "birth_order_in_class": 7, "birth_order_in_family": 3, "gender": "M", "cur_grade": 5, "grad_year": "2027", "email": "None", "home_lang": "English ", "date_join": "2013-11-05", "entrygrades": 5, "teacher": null, "siblings_names": null}}, {"model": "school.student", "pk": 67, "fields": {"school_id": "39759", "first_name": "Ward", "middle_name": "None", "last_name": "Gayle", "preferred_name": "None", "date_of_birth": "2009-10-01", "birth_order_in_class": 7, "birth_order_in_family": 2, "gender": "F", "cur_grade": 5, "grad_year": "2027", "email": "None", "home_lang": "English ", "date_join": "2013-11-06", "entrygrades": 5, "teacher": null, "siblings_names": null}}, {"model": "school.student", "pk": 68, "fields": {"school_id": "41423", "first_name": "Mcguire", "middle_name": "None", "last_name": "Robert", "preferred_name": "None", "date_of_birth": "2009-09-06", "birth_order_in_class": 7, "birth_order_in_family": 1, "gender": "F", "cur_grade": 5, "grad_year": "2027", "email": "None", "home_lang": "English ", "date_join": "2013-11-07", "entrygrades": 5, "teacher": null, "siblings_names": null}}, {"model": "school.student", "pk": 69, "fields": {"school_id": "32913", "first_name": "Roberson", "middle_name": "None", "last_name": "Ramona", "preferred_name": "None", "date_of_birth": "2009-01-22", "birth_order_in_class": 7, "birth_order_in_family": 1, "gender": "F", "cur_grade": 5, "grad_year": "2027", "email": "None", "home_lang": "English ", "date_join": "2013-11-08", "entrygrades": 5, "teacher": null, "siblings_names": null}}, {"model": "school.student", "pk": 70, "fields": {"school_id": "56265", "first_name": "George", "middle_name": "None", "last_name": "Gerard", "preferred_name": "None", "date_of_birth": "2009-11-18", "birth_order_in_class": 7, "birth_order_in_family": 3, "gender": "F", "cur_grade": 4, "grad_year": "2028", "email": "None", "home_lang": "English ", "date_join": "2013-11-09", "entrygrades": 5, "teacher": null, "siblings_names": null}}, {"model": "school.student", "pk": 71, "fields": {"school_id": "38950", "first_name": "Roy", "middle_name": "None", "last_name": "Dora", "preferred_name": "None", "date_of_birth": "2009-09-12", "birth_order_in_class": 7, "birth_order_in_family": 2, "gender": "M", "cur_grade": 4, "grad_year": "2028", "email": "None", "home_lang": "English ", "date_join": "2013-11-10", "entrygrades": 5, "teacher": null, "siblings_names": null}}, {"model": "school.student", "pk": 72, "fields": {"school_id": "32924", "first_name": "Poole", "middle_name": "None", "last_name": "Lindsay", "preferred_name": "None", "date_of_birth": "2010-04-04", "birth_order_in_class": 7, "birth_order_in_family": 3, "gender": "F", "cur_grade": 4, "grad_year": "2028", "email": "None", "home_lang": "English ", "date_join": "2013-11-11", "entrygrades": 5, "teacher": null, "siblings_names": null}}, {"model": "school.student", "pk": 73, "fields": {"school_id": "38375", "first_name": "Meyer", "middle_name": "None", "last_name": "Walter", "preferred_name": "None", "date_of_birth": "2010-11-06", "birth_order_in_class": 7, "birth_order_in_family": 2, "gender": "F", "cur_grade": 4, "grad_year": "2028", "email": "None", "home_lang": "English ", "date_join": "2013-11-12", "entrygrades": 5, "teacher": null, "siblings_names": null}}, {"model": "school.student", "pk": 74, "fields": {"school_id": "52437", "first_name": "Gray", "middle_name": "None", "last_name": "Regina", "preferred_name": "None", "date_of_birth": "2010-06-18", "birth_order_in_class": 7, "birth_order_in_family": 1, "gender": "F", "cur_grade": 4, "grad_year": "2028", "email": "None", "home_lang": "English ", "date_join": "2013-11-13", "entrygrades": 5, "teacher": null, "siblings_names": null}}, {"model": "school.student", "pk": 75, "fields": {"school_id": "30734", "first_name": "James", "middle_name": "None", "last_name": "Tracy", "preferred_name": "None", "date_of_birth": "2010-07-27", "birth_order_in_class": 7, "birth_order_in_family": 1, "gender": "M", "cur_grade": 4, "grad_year": "2028", "email": "None", "home_lang": "English ", "date_join": "2013-11-14", "entrygrades": 5, "teacher": null, "siblings_names": null}}, {"model": "school.student", "pk": 76, "fields": {"school_id": "45276", "first_name": "Santiago", "middle_name": "None", "last_name": "Mark", "preferred_name": "None", "date_of_birth": "2010-10-06", "birth_order_in_class": 7, "birth_order_in_family": 2, "gender": "M", "cur_grade": 4, "grad_year": "2028", "email": "None", "home_lang": "English ", "date_join": "2013-11-15", "entrygrades": 5, "teacher": null, "siblings_names": null}}, {"model": "school.student", "pk": 77, "fields": {"school_id": "59303", "first_name": "Reed", "middle_name": "None", "last_name": "Daniel", "preferred_name": "None", "date_of_birth": "2011-05-13", "birth_order_in_class": 7, "birth_order_in_family": 3, "gender": "M", "cur_grade": 3, "grad_year": "2029", "email": "None", "home_lang": "English ", "date_join": "2013-11-16", "entrygrades": 5, "teacher": null, "siblings_names": null}}, {"model": "school.student", "pk": 78, "fields": {"school_id": "51643", "first_name": "Walsh", "middle_name": "None", "last_name": "Ernesto", "preferred_name": "None", "date_of_birth": "2010-11-11", "birth_order_in_class": 7, "birth_order_in_family": 4, "gender": "F", "cur_grade": 3, "grad_year": "2029", "email": "None", "home_lang": "English ", "date_join": "2013-11-17", "entrygrades": 5, "teacher": null, "siblings_names": null}}, {"model": "school.student", "pk": 79, "fields": {"school_id": "32185", "first_name": "Barton", "middle_name": "None", "last_name": "Leslie", "preferred_name": "None", "date_of_birth": "2011-02-08", "birth_order_in_class": 7, "birth_order_in_family": 3, "gender": "F", "cur_grade": 3, "grad_year": "2029", "email": "None", "home_lang": "English ", "date_join": "2013-11-18", "entrygrades": 5, "teacher": null, "siblings_names": null}}, {"model": "school.student", "pk": 80, "fields": {"school_id": "52062", "first_name": "Harrison", "middle_name": "None", "last_name": "Lorraine", "preferred_name": "None", "date_of_birth": "2010-07-28", "birth_order_in_class": 7, "birth_order_in_family": 2, "gender": "M", "cur_grade": 3, "grad_year": "2029", "email": "None", "home_lang": "English ", "date_join": "2013-11-19", "entrygrades": 5, "teacher": null, "siblings_names": null}}, {"model": "school.student", "pk": 81, "fields": {"school_id": "45942", "first_name": "Perry", "middle_name": "None", "last_name": "Shelia", "preferred_name": "None", "date_of_birth": "2011-02-14", "birth_order_in_class": 7, "birth_order_in_family": 1, "gender": "M", "cur_grade": 3, "grad_year": "2029", "email": "None", "home_lang": "English ", "date_join": "2013-11-20", "entrygrades": 5, "teacher": null, "siblings_names": null}}, {"model": "school.student", "pk": 82, "fields": {"school_id": "32698", "first_name": "Barton", "middle_name": "None", "last_name": "Joanna", "preferred_name": "None", "date_of_birth": "2010-10-22", "birth_order_in_class": 7, "birth_order_in_family": 1, "gender": "F", "cur_grade": 3, "grad_year": "2029", "email": "None", "home_lang": "English ", "date_join": "2013-11-21", "entrygrades": 5, "teacher": null, "siblings_names": null}}, {"model": "school.student", "pk": 84, "fields": {"school_id": "32020", "first_name": "Jordan", "middle_name": "None", "last_name": "Moses", "preferred_name": "None", "date_of_birth": "2011-10-09", "birth_order_in_class": 7, "birth_order_in_family": 2, "gender": "F", "cur_grade": 3, "grad_year": "2029", "email": "None", "home_lang": "English ", "date_join": "2013-11-23", "entrygrades": 5, "teacher": null, "siblings_names": null}}, {"model": "school.student", "pk": 85, "fields": {"school_id": "29618", "first_name": "Dunn", "middle_name": "None", "last_name": "Kristi", "preferred_name": "None", "date_of_birth": "2011-10-03", "birth_order_in_class": 7, "birth_order_in_family": 3, "gender": "F", "cur_grade": 3, "grad_year": "2029", "email": "None", "home_lang": "English ", "date_join": "2013-11-24", "entrygrades": 5, "teacher": null, "siblings_names": null}}, {"model": "school.student", "pk": 86, "fields": {"school_id": "50773", "first_name": "Stanley", "middle_name": "None", "last_name": "Duane", "preferred_name": "None", "date_of_birth": "2012-09-01", "birth_order_in_class": 7, "birth_order_in_family": 2, "gender": "F", "cur_grade": 2, "grad_year": "2030", "email": "None", "home_lang": "English ", "date_join": "2013-11-25", "entrygrades": 5, "teacher": null, "siblings_names": null}}, {"model": "school.student", "pk": 87, "fields": {"school_id": "51303", "first_name": "Jennings", "middle_name": "None", "last_name": "Tracy", "preferred_name": "None", "date_of_birth": "2012-05-16", "birth_order_in_class": 7, "birth_order_in_family": 1, "gender": "F", "cur_grade": 2, "grad_year": "2030", "email": "None", "home_lang": "English ", "date_join": "2013-11-26", "entrygrades": 5, "teacher": null, "siblings_names": null}}, {"model": "school.student", "pk": 88, "fields": {"school_id": "41227", "first_name": "Marshall", "middle_name": "None", "last_name": "Dawn", "preferred_name": "None", "date_of_birth": "2012-11-04", "birth_order_in_class": 7, "birth_order_in_family": 1, "gender": "F", "cur_grade": 2, "grad_year": "2030", "email": "None", "home_lang": "English ", "date_join": "2013-11-27", "entrygrades": 5, "teacher": null, "siblings_names": null}}, {"model": "school.student", "pk": 89, "fields": {"school_id": "52163", "first_name": "Butler", "middle_name": "None", "last_name": "Blanche", "preferred_name": "None", "date_of_birth": "2012-03-01", "birth_order_in_class": 7, "birth_order_in_family": 2, "gender": "F", "cur_grade": 2, "grad_year": "2030", "email": "None", "home_lang": "English ", "date_join": "2013-11-28", "entrygrades": 5, "teacher": null, "siblings_names": null}}, {"model": "school.student", "pk": 90, "fields": {"school_id": "42671", "first_name": "White", "middle_name": "None", "last_name": "Mattie", "preferred_name": "None", "date_of_birth": "2012-06-02", "birth_order_in_class": 7, "birth_order_in_family": 3, "gender": "F", "cur_grade": 2, "grad_year": "2030", "email": "None", "home_lang": "English ", "date_join": "2013-11-29", "entrygrades": 5, "teacher": null, "siblings_names": null}}, {"model": "school.student", "pk": 91, "fields": {"school_id": "56864", "first_name": "Walsh", "middle_name": "None", "last_name": "Margaret", "preferred_name": "None", "date_of_birth": "2012-08-25", "birth_order_in_class": 7, "birth_order_in_family": 4, "gender": "F", "cur_grade": 2, "grad_year": "2030", "email": "None", "home_lang": "English ", "date_join": "2013-11-30", "entrygrades": 5, "teacher": null, "siblings_names": null}}, {"model": "school.student", "pk": 92, "fields": {"school_id": "48068", "first_name": "Martin", "middle_name": "None", "last_name": "Peter", "preferred_name": "None", "date_of_birth": "2013-04-17", "birth_order_in_class": 7, "birth_order_in_family": 3, "gender": "F", "cur_grade": 1, "grad_year": "2031", "email": "None", "home_lang": "English ", "date_join": "2013-12-01", "entrygrades": 5, "teacher": null, "siblings_names": null}}, {"model": "school.student", "pk": 93, "fields": {"school_id": "56375", "first_name": "Lee", "middle_name": "None", "last_name": "Pete", "preferred_name": "None", "date_of_birth": "2012-08-11", "birth_order_in_class": 7, "birth_order_in_family": 2, "gender": "M", "cur_grade": 1, "grad_year": "2031", "email": "None", "home_lang": "English ", "date_join": "2013-12-02", "entrygrades": 5, "teacher": null, "siblings_names": null}}, {"model": "school.student", "pk": 94, "fields": {"school_id": "43859", "first_name": "Stokes", "middle_name": "None", "last_name": "Dallas", "preferred_name": "None", "date_of_birth": "2012-12-16", "birth_order_in_class": 7, "birth_order_in_family": 1, "gender": "F", "cur_grade": 1, "grad_year": "2031", "email": "None", "home_lang": "English ", "date_join": "2013-12-03", "entrygrades": 5, "teacher": null, "siblings_names": null}}, {"model": "school.student", "pk": 95, "fields": {"school_id": "57720", "first_name": "Poole", "middle_name": "None", "last_name": "Mabel", "preferred_name": "None", "date_of_birth": "2012-02-10", "birth_order_in_class": 7, "birth_order_in_family": 1, "gender": "F", "cur_grade": 1, "grad_year": "2031", "email": "None", "home_lang": "English ", "date_join": "2013-12-04", "entrygrades": 5, "teacher": null, "siblings_names": null}}, {"model": "school.student", "pk": 96, "fields": {"school_id": "44768", "first_name": "Powers", "middle_name": "None", "last_name": "Salvador", "preferred_name": "None", "date_of_birth": "2013-05-20", "birth_order_in_class": 7, "birth_order_in_family": 3, "gender": "M", "cur_grade": 1, "grad_year": "2030", "email": "None", "home_lang": "English ", "date_join": "2013-12-05", "entrygrades": 5, "teacher": null, "siblings_names": null}}, {"model": "school.student", "pk": 97, "fields": {"school_id": "56065", "first_name": "Hubbard", "middle_name": "None", "last_name": "Calvin", "preferred_name": "None", "date_of_birth": "2013-07-23", "birth_order_in_class": 7, "birth_order_in_family": 2, "gender": "F", "cur_grade": 1, "grad_year": "2031", "email": "None", "home_lang": "English ", "date_join": "2013-12-06", "entrygrades": 5, "teacher": null, "siblings_names": null}}, {"model": "school.student", "pk": 98, "fields": {"school_id": "55187", "first_name": "Herrera", "middle_name": "None", "last_name": "Cora", "preferred_name": "None", "date_of_birth": "2013-06-03", "birth_order_in_class": 7, "birth_order_in_family": 3, "gender": "M", "cur_grade": 1, "grad_year": "2031", "email": "None", "home_lang": "English ", "date_join": "2013-12-07", "entrygrades": 5, "teacher": null, "siblings_names": null}}, {"model": "school.student", "pk": 99, "fields": {"school_id": "53188", "first_name": "Parks", "middle_name": "None", "last_name": "Dwayne", "preferred_name": "None", "date_of_birth": "2012-10-15", "birth_order_in_class": 7, "birth_order_in_family": 2, "gender": "M", "cur_grade": 1, "grad_year": "2030", "email": "None", "home_lang": "English ", "date_join": "2013-12-08", "entrygrades": 5, "teacher": null, "siblings_names": null}}, {"model": "school.student", "pk": 100, "fields": {"school_id": "48391", "first_name": "Cooper", "middle_name": "None", "last_name": "Elsie", "preferred_name": "None", "date_of_birth": "2013-03-18", "birth_order_in_class": 7, "birth_order_in_family": 1, "gender": "M", "cur_grade": 1, "grad_year": "2031", "email": "k@k.com", "home_lang": "English", "date_join": "2013-12-09", "entrygrades": 5, "teacher": 2, "siblings_names": null}}, {"model": "school.student", "pk": 101, "fields": {"school_id": "58418", "first_name": "Webb", "middle_name": "None", "last_name": "Cindy", "preferred_name": "None", "date_of_birth": "2002-06-21", "birth_order_in_class": 5, "birth_order_in_family": 2, "gender": "M", "cur_grade": 12, "grad_year": "2020", "email": "None", "home_lang": "English", "date_join": "2015-09-01", "entrygrades": 5, "teacher": 23, "siblings_names": null}}, {"model": "school.student", "pk": 102, "fields": {"school_id": "39430", "first_name": "Shaw", "middle_name": "Alex", "last_name": "Rodolfo", "preferred_name": "Alex", "date_of_birth": "2001-05-06", "birth_order_in_class": 6, "birth_order_in_family": 1, "gender": "F", "cur_grade": 12, "grad_year": "2020", "email": "None", "home_lang": "English", "date_join": "2013-09-03", "entrygrades": 5, "teacher": 2, "siblings_names": null}}, {"model": "school.notespts", "pk": 1, "fields": {"student": 100, "date": "2022-10-19", "note": "some note"}}, {"model": "school.consern", "pk": 26, "fields": {"date": "2022-11-07", "strategy_used": "stream_first", "num_weeks": 3, "st_responce": "stream_first", "teach_comm": "stream_first", "student": 100, "teacher": 2, "refers": "RES"}}, {"model": "school.consern", "pk": 27, "fields": {"date": "2022-11-09", "strategy_used": "Strategies Used", "num_weeks": 3, "st_responce": "Strategies Used", "teach_comm": "Strategies Used", "student": 100, "teacher": 2, "refers": "RES"}}, {"model": "school.consern", "pk": 28, "fields": {"date": "2022-11-08", "strategy_used": "Strategies Used", "num_weeks": 3, "st_responce": "Strategies Used", "teach_comm": "Strategies Used", "student": 100, "teacher": 2, "refers": "R"}}, {"model": "school.intake", "pk": 15, "fields": {"timeline": 2, "sst_reasoning": "Strategies Used", "behavior_patterns": "Strategies Used", "behavior_quality": "C", "why_consern": "Strategies Used", "what_done": "Strategies Used", "smal_done": "Strategies Used", "didnt_worked": "Strategies Used", "worse": "Strategies Used", "response_level": "Strategies Used", "other_info": "Strategies Used", "estim_result": "Strategies Used", "student": 100, "teacher": 2, "concern": 28}}, {"model": "school.ocupationaltherapy", "pk": 1, "fields": {"created_at": "2022-08-22T20:39:12.673Z", "updated_at": "2022-08-22T20:39:12.673Z", "screen_date": "2022-08-16", "screen_time": "10:00:00", "full_screen_recom": "ull Screening Recommended?", "notes": "NoteNote", "student": 102, "teacher": 2}}, {"model": "school.ocupationaltherapy", "pk": 2, "fields": {"created_at": "2022-10-18T16:03:36.414Z", "updated_at": "2022-10-18T16:03:36.417Z", "screen_date": "2022-10-17", "screen_time": "11:00:00", "full_screen_recom": "Something to do", "notes": "Some notes after the screening", "student": 100, "teacher": 2}}, {"model": "school.ocupationaltherapy", "pk": 3, "fields": {"created_at": "2022-10-25T10:05:54.830Z", "updated_at": "2022-10-25T10:05:54.846Z", "screen_date": "2022-10-11", "screen_time": "05:00:00", "full_screen_recom": "Full Screening Recommended?", "notes": "Full Screening Recommended?", "student": 100, "teacher": 2}}, {"model": "school.ocupationaltherapy", "pk": 4, "fields": {"created_at": "2022-10-25T12:10:36.155Z", "updated_at": "2022-10-25T12:10:36.159Z", "screen_date": "2022-10-10", "screen_time": "11:00:00", "full_screen_recom": "Neq", "notes": "new", "student": 100, "teacher": 2}}, {"model": "school.speechtherapy", "pk": 1, "fields": {"created_at": "2022-08-22T20:39:22.075Z", "updated_at": "2022-08-22T20:39:22.075Z", "screen_date": "2022-08-02", "add_notes": "Additional Notes", "scr_res": "Screening Results / Recomm", "student": 102, "teacher": 2}}, {"model": "school.speechtherapy", "pk": 2, "fields": {"created_at": "2022-10-19T07:58:36.705Z", "updated_at": "2022-10-19T07:58:36.705Z", "screen_date": "2022-10-11", "add_notes": "Notes from speech therapy", "scr_res": "Screening Results", "student": 100, "teacher": 2}}, {"model": "school.readingscreening", "pk": 1, "fields": {"created_at": "2022-08-22T20:39:31.737Z", "updated_at": "2022-08-22T20:39:31.737Z", "screen_type": "IND", "date_screen": "2022-08-15", "errors_screen": "Describe errors happened during the screen", "question_screen": "Describe errors happened during the screen", "notes": "Describe errors happened during the screen", "student": 102, "teacher": 2}}, {"model": "school.readingscreening", "pk": 2, "fields": {"created_at": "2022-10-18T19:58:12.720Z", "updated_at": "2022-10-18T19:58:12.720Z", "screen_type": "IST", "date_screen": "2022-10-11", "errors_screen": "Some errors", "question_screen": "resultes", "notes": "I recommend...", "student": 100, "teacher": 2}}, {"model": "school.stream", "pk": 35, "fields": {"created_at": "2022-11-06T15:32:31.981Z", "updated_at": "2022-11-06T15:32:48.323Z", "student": 100, "teacher": 2, "date_start": "2022-11-06", "date_review": "2022-11-27", "concern": 26, "intake": null, "level": "1", "status": "CL", "observation": null, "support": null, "name": "Academic", "stream_prev": null}}, {"model": "school.stream", "pk": 36, "fields": {"created_at": "2022-11-06T15:32:48.207Z", "updated_at": "2022-11-06T15:33:14.032Z", "student": 100, "teacher": 2, "date_start": "2022-11-06", "date_review": "2022-11-27", "concern": 27, "intake": null, "level": "1", "status": "CL", "observation": null, "support": null, "name": "Academic", "stream_prev": 35}}, {"model": "school.stream", "pk": 37, "fields": {"created_at": "2022-11-06T15:33:13.762Z", "updated_at": "2022-11-06T15:34:35.737Z", "student": 100, "teacher": 2, "date_start": "2022-11-06", "date_review": "2022-11-27", "concern": 28, "intake": 15, "level": "1", "status": "OP", "observation": null, "support": null, "name": "Academic", "stream_prev": 36}}, {"model": "school.stream", "pk": 38, "fields": {"created_at": "2022-11-06T15:34:35.791Z", "updated_at": "2022-11-06T15:34:35.792Z", "student": 100, "teacher": 2, "date_start": "2022-11-28", "date_review": "2022-12-19", "concern": null, "intake": null, "level": "2", "status": "OP", "observation": null, "support": null, "name": "Academic", "stream_prev": null}}]